{
    "prepare_queue": {
        "installed": [],
        "uninstalled": []
    },
    "config_munge": {
        "files": {
            "config.xml": {
                "parents": {
                    "/*": [
                        {
                            "xml": "<feature name=\"Device\"><param name=\"browser-package\" value=\"Device\" /></feature>",
                            "count": 1
                        }
                    ]
                }
            }
        }
    },
    "installed_plugins": {
        "cordova-plugin-crosswalk-webview": {
            "PACKAGE_NAME": "com.yousefgame.app"
        },
        "cordova-plugin-statusbar": {
            "PACKAGE_NAME": "com.yousefgame.app"
        },
        "cordova-plugin-device": {
            "PACKAGE_NAME": "com.yousefgame.app"
        },
        "cordova-plugin-splashscreen": {
            "PACKAGE_NAME": "com.yousefgame.app"
        },
        "cordova-plugin-whitelist": {
            "PACKAGE_NAME": "com.yousefgame.app"
        }
    },
    "dependent_plugins": {},
    "modules": [
        {
            "file": "plugins/cordova-plugin-statusbar/www/statusbar.js",
            "id": "cordova-plugin-statusbar.statusbar",
            "pluginId": "cordova-plugin-statusbar",
            "clobbers": [
                "window.StatusBar"
            ]
        },
        {
            "file": "plugins/cordova-plugin-statusbar/src/browser/statusbar.js",
            "id": "cordova-plugin-statusbar.statusbar.Browser",
            "pluginId": "cordova-plugin-statusbar",
            "merges": [
                "window.StatusBar"
            ]
        },
        {
            "file": "plugins/cordova-plugin-device/www/device.js",
            "id": "cordova-plugin-device.device",
            "pluginId": "cordova-plugin-device",
            "clobbers": [
                "device"
            ]
        },
        {
            "file": "plugins/cordova-plugin-device/src/browser/DeviceProxy.js",
            "id": "cordova-plugin-device.DeviceProxy",
            "pluginId": "cordova-plugin-device",
            "runs": true
        },
        {
            "file": "plugins/cordova-plugin-splashscreen/www/splashscreen.js",
            "id": "cordova-plugin-splashscreen.SplashScreen",
            "pluginId": "cordova-plugin-splashscreen",
            "clobbers": [
                "navigator.splashscreen"
            ]
        },
        {
            "file": "plugins/cordova-plugin-splashscreen/src/browser/SplashScreenProxy.js",
            "id": "cordova-plugin-splashscreen.SplashScreenProxy",
            "pluginId": "cordova-plugin-splashscreen",
            "runs": true
        }
    ],
    "plugin_metadata": {
        "cordova-plugin-crosswalk-webview": "2.3.0",
        "cordova-plugin-statusbar": "2.1.3",
        "cordova-plugin-device": "1.1.2",
        "cordova-plugin-splashscreen": "3.2.2",
        "cordova-plugin-whitelist": "1.2.2"
    }
}